"","housing","food","childcare","healthcare","transportation","taxes","miscellaneous"
"4",673.430820088143,249.933021478169,0,126.682262542171,224.697635288875,332.447497018544,127.474373926706
