"","housing","food","childcare","healthcare","transportation","taxes","miscellaneous"
"1",841.904345614486,608.225058535438,905.60122698707,425.293848068466,230.504404286469,691.032672396093,301.15288835288
