"","housing","food","childcare","healthcare","transportation","taxes","miscellaneous"
"1",841.904345614486,814.378342849289,943.947627337144,480.265901594626,441.891907662327,767.10272655451,352.238812503422
